Ninitial	Rep	SpeciesID
1	1	260
1	2	11
1	3	175
1	4	2
1	5	147
1	6	98
1	7	191
1	8	44
1	9	79
1	10	235
1	11	141
1	12	86
1	13	238
1	14	186
1	15	200
1	16	26
1	17	18
1	18	25
1	19	47
1	20	236
1	21	165
1	22	185
1	23	102
1	24	193
1	25	264
1	26	267
1	27	255
1	28	223
1	29	239
1	30	81
1	31	14
1	32	219
1	33	149
1	34	273
1	35	183
1	36	148
1	37	113
1	38	117
1	39	106
1	40	40
1	41	266
1	42	127
1	43	19
1	44	171
1	45	99
1	46	211
1	47	128
1	48	107
1	49	96
1	50	281
1	51	7
1	52	42
1	53	120
1	54	76
1	55	27
1	56	268
1	57	8
1	58	72
1	59	258
1	60	278
1	61	199
1	62	80
1	63	206
1	64	12
2	1	149
2	1	42
2	2	183
2	2	102
2	3	211
2	3	102
2	4	98
2	4	200
2	5	81
2	5	175
2	6	117
2	6	42
2	7	267
2	7	96
2	8	117
2	8	113
2	9	193
2	9	211
2	10	141
2	10	199
2	11	86
2	11	127
2	12	171
2	12	76
2	13	25
2	13	175
2	14	98
2	14	80
2	15	239
2	15	223
2	16	106
2	16	211
2	17	191
2	17	120
2	18	186
2	18	128
2	19	278
2	19	175
2	20	267
2	20	235
2	21	117
2	21	147
2	22	26
2	22	2
2	23	191
2	23	266
2	24	106
2	24	47
2	25	264
2	25	117
2	26	99
2	26	186
2	27	211
2	27	238
2	28	40
2	28	278
2	29	175
2	29	99
2	30	238
2	30	113
2	31	96
2	31	183
2	32	141
2	32	80
2	33	106
2	33	148
2	34	191
2	34	2
2	35	117
2	35	44
2	36	96
2	36	14
2	37	113
2	37	236
2	38	185
2	38	165
2	39	268
2	39	200
2	40	219
2	40	8
2	41	96
2	41	148
2	42	18
2	42	200
2	43	148
2	43	235
2	44	193
2	44	219
2	45	185
2	45	267
2	46	223
2	46	258
2	47	239
2	47	219
2	48	223
2	48	255
2	49	206
2	49	107
2	50	18
2	50	206
2	51	81
2	51	260
2	52	99
2	52	235
2	53	238
2	53	72
2	54	80
2	54	149
2	55	7
2	55	211
2	56	2
2	56	193
2	57	175
2	57	185
2	58	267
2	58	264
2	59	42
2	59	106
2	60	147
2	60	7
2	61	80
2	61	76
2	62	147
2	62	27
2	63	127
2	63	148
2	64	148
2	64	200
4	1	80
4	1	199
4	1	27
4	1	72
4	2	183
4	2	25
4	2	223
4	2	113
4	3	264
4	3	99
4	3	26
4	3	47
4	4	236
4	4	165
4	4	260
4	4	128
4	5	165
4	5	175
4	5	127
4	5	281
4	6	117
4	6	40
4	6	273
4	6	44
4	7	267
4	7	171
4	7	236
4	7	72
4	8	47
4	8	7
4	8	2
4	8	8
4	9	258
4	9	25
4	9	171
4	9	76
4	10	81
4	10	278
4	10	12
4	10	185
4	11	107
4	11	193
4	11	127
4	11	238
4	12	19
4	12	149
4	12	219
4	12	185
4	13	117
4	13	86
4	13	2
4	13	238
4	14	81
4	14	186
4	14	200
4	14	278
4	15	260
4	15	99
4	15	238
4	15	273
4	16	96
4	16	171
4	16	223
4	16	72
4	17	120
4	17	273
4	17	117
4	17	7
4	18	19
4	18	273
4	18	44
4	18	149
4	19	106
4	19	183
4	19	238
4	19	165
4	20	19
4	20	258
4	20	18
4	20	236
4	21	149
4	21	219
4	21	186
4	21	281
4	22	260
4	22	25
4	22	107
4	22	185
4	23	47
4	23	260
4	23	171
4	23	14
4	24	11
4	24	148
4	24	268
4	24	278
4	25	42
4	25	185
4	25	260
4	25	18
4	26	102
4	26	127
4	26	200
4	26	165
4	27	281
4	27	113
4	27	175
4	27	278
4	28	236
4	28	273
4	28	81
4	28	117
4	29	278
4	29	186
4	29	267
4	29	183
4	30	2
4	30	113
4	30	44
4	30	127
4	31	40
4	31	117
4	31	72
4	31	193
4	32	26
4	32	147
4	32	106
4	32	219
4	33	141
4	33	267
4	33	11
4	33	238
4	34	238
4	34	96
4	34	102
4	34	99
4	35	165
4	35	193
4	35	47
4	35	44
4	36	206
4	36	76
4	36	281
4	36	79
4	37	141
4	37	128
4	37	19
4	37	238
4	38	258
4	38	186
4	38	175
4	38	18
4	39	107
4	39	191
4	39	223
4	39	25
4	40	81
4	40	147
4	40	165
4	40	117
4	41	27
4	41	7
4	41	236
4	41	266
4	42	8
4	42	206
4	42	171
4	42	185
4	43	47
4	43	113
4	43	255
4	43	12
4	44	113
4	44	44
4	44	165
4	44	191
4	45	191
4	45	76
4	45	2
4	45	106
4	46	199
4	46	141
4	46	80
4	46	106
4	47	98
4	47	11
4	47	72
4	47	219
4	48	107
4	48	260
4	48	175
4	48	171
4	49	268
4	49	236
4	49	72
4	49	147
4	50	117
4	50	199
4	50	148
4	50	26
4	51	14
4	51	267
4	51	175
4	51	219
4	52	141
4	52	98
4	52	273
4	52	281
4	53	148
4	53	27
4	53	42
4	53	255
4	54	223
4	54	165
4	54	267
4	54	106
4	55	106
4	55	211
4	55	183
4	55	147
4	56	11
4	56	258
4	56	102
4	56	171
4	57	76
4	57	99
4	57	25
4	57	199
4	58	200
4	58	120
4	58	25
4	58	27
4	59	96
4	59	128
4	59	183
4	59	8
4	60	235
4	60	80
4	60	141
4	60	236
4	61	278
4	61	11
4	61	42
4	61	267
4	62	2
4	62	183
4	62	238
4	62	12
4	63	186
4	63	193
4	63	148
4	63	260
4	64	98
4	64	117
4	64	238
4	64	148
8	1	149
8	1	25
8	1	255
8	1	148
8	1	268
8	1	81
8	1	96
8	1	260
8	2	185
8	2	96
8	2	80
8	2	193
8	2	79
8	2	268
8	2	175
8	2	117
8	3	107
8	3	149
8	3	128
8	3	127
8	3	235
8	3	255
8	3	76
8	3	165
8	4	235
8	4	255
8	4	268
8	4	236
8	4	102
8	4	25
8	4	86
8	4	264
8	5	47
8	5	235
8	5	267
8	5	165
8	5	99
8	5	44
8	5	18
8	5	107
8	6	106
8	6	120
8	6	199
8	6	264
8	6	47
8	6	223
8	6	14
8	6	147
8	7	86
8	7	2
8	7	76
8	7	42
8	7	238
8	7	199
8	7	106
8	7	183
8	8	7
8	8	185
8	8	260
8	8	19
8	8	258
8	8	102
8	8	127
8	8	81
8	9	200
8	9	264
8	9	81
8	9	12
8	9	26
8	9	193
8	9	273
8	9	255
8	10	258
8	10	47
8	10	117
8	10	7
8	10	2
8	10	12
8	10	264
8	10	102
8	11	165
8	11	128
8	11	183
8	11	42
8	11	102
8	11	11
8	11	186
8	11	171
8	12	266
8	12	223
8	12	12
8	12	236
8	12	2
8	12	171
8	12	200
8	12	42
8	13	19
8	13	219
8	13	80
8	13	211
8	13	206
8	13	113
8	13	268
8	13	278
8	14	235
8	14	200
8	14	171
8	14	27
8	14	19
8	14	98
8	14	81
8	14	281
8	15	12
8	15	7
8	15	238
8	15	281
8	15	40
8	15	8
8	15	106
8	15	223
8	16	44
8	16	42
8	16	127
8	16	255
8	16	206
8	16	258
8	16	147
8	16	120
8	17	106
8	17	199
8	17	211
8	17	18
8	17	273
8	17	107
8	17	219
8	17	191
8	18	278
8	18	25
8	18	19
8	18	96
8	18	199
8	18	14
8	18	235
8	18	211
8	19	107
8	19	193
8	19	120
8	19	26
8	19	273
8	19	2
8	19	14
8	19	76
8	20	267
8	20	42
8	20	239
8	20	106
8	20	7
8	20	128
8	20	206
8	20	149
8	21	193
8	21	12
8	21	98
8	21	171
8	21	235
8	21	81
8	21	113
8	21	264
8	22	40
8	22	148
8	22	11
8	22	206
8	22	200
8	22	106
8	22	42
8	22	8
8	23	200
8	23	47
8	23	268
8	23	147
8	23	171
8	23	235
8	23	211
8	23	236
8	24	11
8	24	106
8	24	86
8	24	273
8	24	200
8	24	255
8	24	72
8	24	165
8	25	278
8	25	99
8	25	86
8	25	8
8	25	106
8	25	98
8	25	149
8	25	255
8	26	219
8	26	96
8	26	206
8	26	8
8	26	211
8	26	267
8	26	258
8	26	11
8	27	149
8	27	264
8	27	236
8	27	165
8	27	2
8	27	206
8	27	268
8	27	96
8	28	86
8	28	260
8	28	107
8	28	27
8	28	264
8	28	193
8	28	236
8	28	268
8	29	14
8	29	211
8	29	149
8	29	260
8	29	281
8	29	81
8	29	183
8	29	239
8	30	141
8	30	183
8	30	27
8	30	273
8	30	239
8	30	86
8	30	266
8	30	76
8	31	281
8	31	25
8	31	239
8	31	79
8	31	235
8	31	127
8	31	193
8	31	19
8	32	98
8	32	14
8	32	260
8	32	27
8	32	235
8	32	264
8	32	165
8	32	102
8	33	7
8	33	175
8	33	264
8	33	128
8	33	186
8	33	183
8	33	96
8	33	148
8	34	27
8	34	42
8	34	235
8	34	7
8	34	183
8	34	14
8	34	47
8	34	255
8	35	239
8	35	185
8	35	268
8	35	113
8	35	267
8	35	2
8	35	7
8	35	25
8	36	219
8	36	12
8	36	107
8	36	186
8	36	117
8	36	7
8	36	165
8	36	127
8	37	238
8	37	44
8	37	102
8	37	86
8	37	98
8	37	14
8	37	211
8	37	268
8	38	12
8	38	278
8	38	102
8	38	76
8	38	141
8	38	264
8	38	183
8	38	80
8	39	76
8	39	81
8	39	238
8	39	98
8	39	278
8	39	211
8	39	219
8	39	127
8	40	12
8	40	107
8	40	141
8	40	2
8	40	117
8	40	147
8	40	258
8	40	149
8	41	81
8	41	86
8	41	171
8	41	236
8	41	99
8	41	147
8	41	206
8	41	281
8	42	223
8	42	8
8	42	81
8	42	147
8	42	264
8	42	267
8	42	47
8	42	120
8	43	186
8	43	42
8	43	267
8	43	72
8	43	191
8	43	149
8	43	211
8	43	120
8	44	206
8	44	117
8	44	113
8	44	42
8	44	235
8	44	211
8	44	18
8	44	79
8	45	268
8	45	2
8	45	264
8	45	11
8	45	12
8	45	200
8	45	239
8	45	149
8	46	147
8	46	278
8	46	106
8	46	141
8	46	80
8	46	76
8	46	235
8	46	42
8	47	223
8	47	175
8	47	149
8	47	18
8	47	96
8	47	25
8	47	128
8	47	183
8	48	236
8	48	141
8	48	219
8	48	113
8	48	40
8	48	120
8	48	258
8	48	148
8	49	223
8	49	106
8	49	8
8	49	47
8	49	175
8	49	98
8	49	102
8	49	2
8	50	113
8	50	236
8	50	25
8	50	239
8	50	44
8	50	278
8	50	127
8	50	258
8	51	72
8	51	86
8	51	193
8	51	40
8	51	120
8	51	96
8	51	200
8	51	211
8	52	266
8	52	2
8	52	40
8	52	113
8	52	273
8	52	102
8	52	223
8	52	281
8	53	19
8	53	239
8	53	127
8	53	12
8	53	40
8	53	120
8	53	25
8	53	7
8	54	25
8	54	185
8	54	255
8	54	278
8	54	191
8	54	96
8	54	260
8	54	107
8	55	186
8	55	171
8	55	267
8	55	239
8	55	98
8	55	147
8	55	8
8	55	2
8	56	7
8	56	80
8	56	239
8	56	117
8	56	12
8	56	147
8	56	185
8	56	40
8	57	185
8	57	79
8	57	147
8	57	206
8	57	42
8	57	175
8	57	11
8	57	14
8	58	223
8	58	211
8	58	98
8	58	199
8	58	102
8	58	72
8	58	96
8	58	106
8	59	281
8	59	183
8	59	211
8	59	44
8	59	238
8	59	260
8	59	14
8	59	239
8	60	19
8	60	86
8	60	99
8	60	8
8	60	183
8	60	165
8	60	44
8	60	107
8	61	42
8	61	80
8	61	8
8	61	267
8	61	117
8	61	12
8	61	199
8	61	235
8	62	102
8	62	127
8	62	44
8	62	266
8	62	255
8	62	268
8	62	149
8	62	81
8	63	127
8	63	266
8	63	42
8	63	8
8	63	183
8	63	99
8	63	117
8	63	26
8	64	42
8	64	267
8	64	273
8	64	186
8	64	14
8	64	26
8	64	264
8	64	175
16	1	223
16	1	80
16	1	258
16	1	79
16	1	255
16	1	86
16	1	200
16	1	98
16	1	106
16	1	47
16	1	117
16	1	206
16	1	186
16	1	239
16	1	12
16	1	96
16	2	2
16	2	219
16	2	96
16	2	42
16	2	273
16	2	264
16	2	14
16	2	193
16	2	185
16	2	141
16	2	99
16	2	267
16	2	255
16	2	26
16	2	199
16	2	80
16	3	19
16	3	40
16	3	27
16	3	72
16	3	191
16	3	86
16	3	14
16	3	99
16	3	106
16	3	281
16	3	266
16	3	18
16	3	148
16	3	186
16	3	141
16	3	120
16	4	12
16	4	281
16	4	11
16	4	27
16	4	185
16	4	7
16	4	26
16	4	147
16	4	266
16	4	40
16	4	14
16	4	200
16	4	25
16	4	175
16	4	80
16	4	278
16	5	76
16	5	25
16	5	239
16	5	193
16	5	273
16	5	102
16	5	42
16	5	40
16	5	148
16	5	19
16	5	7
16	5	278
16	5	127
16	5	211
16	5	18
16	5	12
16	6	255
16	6	18
16	6	175
16	6	193
16	6	268
16	6	127
16	6	264
16	6	7
16	6	81
16	6	236
16	6	235
16	6	185
16	6	281
16	6	19
16	6	102
16	6	148
16	7	239
16	7	86
16	7	128
16	7	266
16	7	238
16	7	72
16	7	18
16	7	102
16	7	186
16	7	80
16	7	148
16	7	260
16	7	42
16	7	211
16	7	200
16	7	26
16	8	147
16	8	72
16	8	27
16	8	235
16	8	99
16	8	8
16	8	18
16	8	120
16	8	96
16	8	128
16	8	98
16	8	267
16	8	40
16	8	113
16	8	19
16	8	239
16	9	42
16	9	236
16	9	238
16	9	79
16	9	186
16	9	266
16	9	7
16	9	185
16	9	235
16	9	40
16	9	26
16	9	193
16	9	98
16	9	14
16	9	19
16	9	278
16	10	42
16	10	120
16	10	266
16	10	191
16	10	199
16	10	147
16	10	19
16	10	40
16	10	235
16	10	96
16	10	98
16	10	236
16	10	8
16	10	11
16	10	86
16	10	260
16	11	266
16	11	99
16	11	42
16	11	18
16	11	107
16	11	96
16	11	258
16	11	239
16	11	255
16	11	148
16	11	128
16	11	12
16	11	236
16	11	206
16	11	171
16	11	267
16	12	26
16	12	117
16	12	42
16	12	260
16	12	255
16	12	40
16	12	219
16	12	223
16	12	236
16	12	107
16	12	175
16	12	200
16	12	186
16	12	211
16	12	2
16	12	25
16	13	268
16	13	148
16	13	27
16	13	183
16	13	264
16	13	149
16	13	219
16	13	165
16	13	255
16	13	26
16	13	86
16	13	266
16	13	98
16	13	113
16	13	128
16	13	102
16	14	99
16	14	266
16	14	40
16	14	264
16	14	268
16	14	12
16	14	127
16	14	76
16	14	14
16	14	200
16	14	117
16	14	80
16	14	106
16	14	107
16	14	2
16	14	223
16	15	25
16	15	14
16	15	193
16	15	186
16	15	149
16	15	223
16	15	102
16	15	11
16	15	281
16	15	258
16	15	191
16	15	175
16	15	267
16	15	80
16	15	260
16	15	148
16	16	255
16	16	117
16	16	258
16	16	72
16	16	8
16	16	185
16	16	149
16	16	81
16	16	44
16	16	273
16	16	200
16	16	141
16	16	193
16	16	2
16	16	236
16	16	148
16	17	80
16	17	99
16	17	27
16	17	223
16	17	98
16	17	268
16	17	7
16	17	175
16	17	81
16	17	44
16	17	211
16	17	26
16	17	86
16	17	141
16	17	128
16	17	113
16	18	113
16	18	18
16	18	11
16	18	102
16	18	120
16	18	267
16	18	165
16	18	128
16	18	183
16	18	26
16	18	199
16	18	98
16	18	25
16	18	141
16	18	239
16	18	27
16	19	81
16	19	281
16	19	255
16	19	147
16	19	25
16	19	206
16	19	42
16	19	12
16	19	8
16	19	106
16	19	236
16	19	200
16	19	76
16	19	2
16	19	238
16	19	211
16	20	19
16	20	80
16	20	258
16	20	79
16	20	7
16	20	200
16	20	96
16	20	149
16	20	255
16	20	211
16	20	11
16	20	44
16	20	27
16	20	199
16	20	72
16	20	102
16	21	266
16	21	149
16	21	12
16	21	107
16	21	127
16	21	193
16	21	268
16	21	7
16	21	185
16	21	186
16	21	128
16	21	200
16	21	98
16	21	81
16	21	14
16	21	273
16	22	80
16	22	235
16	22	79
16	22	147
16	22	219
16	22	86
16	22	175
16	22	81
16	22	106
16	22	128
16	22	264
16	22	183
16	22	26
16	22	27
16	22	266
16	22	42
16	23	278
16	23	81
16	23	260
16	23	239
16	23	171
16	23	18
16	23	165
16	23	117
16	23	76
16	23	19
16	23	267
16	23	128
16	23	99
16	23	14
16	23	98
16	23	26
16	24	27
16	24	26
16	24	44
16	24	191
16	24	72
16	24	200
16	24	107
16	24	185
16	24	2
16	24	11
16	24	175
16	24	98
16	24	128
16	24	267
16	24	183
16	24	81
16	25	11
16	25	255
16	25	25
16	25	260
16	25	72
16	25	219
16	25	127
16	25	26
16	25	141
16	25	183
16	25	76
16	25	42
16	25	199
16	25	102
16	25	79
16	25	235
16	26	258
16	26	26
16	26	273
16	26	117
16	26	25
16	26	193
16	26	211
16	26	11
16	26	106
16	26	238
16	26	171
16	26	79
16	26	148
16	26	219
16	26	2
16	26	86
16	27	267
16	27	211
16	27	44
16	27	120
16	27	2
16	27	98
16	27	264
16	27	255
16	27	260
16	27	185
16	27	80
16	27	186
16	27	107
16	27	18
16	27	273
16	27	238
16	28	128
16	28	219
16	28	44
16	28	113
16	28	81
16	28	255
16	28	206
16	28	2
16	28	278
16	28	18
16	28	268
16	28	99
16	28	106
16	28	120
16	28	165
16	28	238
16	29	258
16	29	113
16	29	183
16	29	191
16	29	171
16	29	98
16	29	117
16	29	206
16	29	273
16	29	47
16	29	238
16	29	26
16	29	148
16	29	102
16	29	25
16	29	44
16	30	80
16	30	268
16	30	255
16	30	258
16	30	106
16	30	183
16	30	72
16	30	127
16	30	42
16	30	185
16	30	206
16	30	235
16	30	8
16	30	27
16	30	79
16	30	47
16	31	8
16	31	80
16	31	200
16	31	255
16	31	149
16	31	47
16	31	42
16	31	27
16	31	19
16	31	12
16	31	117
16	31	239
16	31	141
16	31	107
16	31	219
16	31	96
16	32	211
16	32	141
16	32	281
16	32	149
16	32	147
16	32	278
16	32	72
16	32	260
16	32	264
16	32	128
16	32	11
16	32	80
16	32	148
16	32	117
16	32	25
16	32	12
16	33	258
16	33	191
16	33	206
16	33	12
16	33	99
16	33	27
16	33	26
16	33	86
16	33	260
16	33	193
16	33	186
16	33	18
16	33	268
16	33	200
16	33	219
16	33	25
16	34	25
16	34	107
16	34	236
16	34	206
16	34	40
16	34	47
16	34	255
16	34	98
16	34	268
16	34	199
16	34	149
16	34	106
16	34	18
16	34	141
16	34	211
16	34	80
16	35	72
16	35	96
16	35	255
16	35	193
16	35	76
16	35	147
16	35	219
16	35	186
16	35	278
16	35	79
16	35	11
16	35	281
16	35	175
16	35	171
16	35	236
16	35	165
16	36	47
16	36	99
16	36	141
16	36	258
16	36	12
16	36	149
16	36	26
16	36	193
16	36	44
16	36	236
16	36	98
16	36	206
16	36	239
16	36	96
16	36	117
16	36	27
16	37	127
16	37	7
16	37	11
16	37	185
16	37	186
16	37	26
16	37	42
16	37	165
16	37	235
16	37	278
16	37	27
16	37	191
16	37	12
16	37	113
16	37	200
16	37	260
16	38	235
16	38	18
16	38	47
16	38	127
16	38	44
16	38	255
16	38	239
16	38	191
16	38	268
16	38	76
16	38	26
16	38	19
16	38	8
16	38	199
16	38	14
16	38	281
16	39	102
16	39	186
16	39	175
16	39	42
16	39	141
16	39	40
16	39	236
16	39	273
16	39	26
16	39	281
16	39	2
16	39	258
16	39	113
16	39	165
16	39	219
16	39	267
16	40	127
16	40	19
16	40	7
16	40	18
16	40	175
16	40	211
16	40	273
16	40	258
16	40	102
16	40	120
16	40	14
16	40	96
16	40	171
16	40	219
16	40	264
16	40	141
16	41	12
16	41	141
16	41	8
16	41	14
16	41	149
16	41	86
16	41	199
16	41	81
16	41	236
16	41	148
16	41	175
16	41	128
16	41	72
16	41	183
16	41	273
16	41	76
16	42	128
16	42	2
16	42	79
16	42	185
16	42	260
16	42	99
16	42	27
16	42	7
16	42	264
16	42	258
16	42	200
16	42	141
16	42	193
16	42	281
16	42	148
16	42	267
16	43	18
16	43	106
16	43	81
16	43	76
16	43	107
16	43	206
16	43	281
16	43	264
16	43	113
16	43	99
16	43	171
16	43	127
16	43	7
16	43	120
16	43	12
16	43	199
16	44	165
16	44	183
16	44	14
16	44	255
16	44	260
16	44	258
16	44	223
16	44	238
16	44	235
16	44	206
16	44	79
16	44	186
16	44	117
16	44	102
16	44	72
16	44	273
16	45	27
16	45	40
16	45	264
16	45	273
16	45	127
16	45	81
16	45	185
16	45	96
16	45	25
16	45	171
16	45	8
16	45	260
16	45	193
16	45	223
16	45	239
16	45	219
16	46	81
16	46	106
16	46	278
16	46	128
16	46	183
16	46	281
16	46	199
16	46	268
16	46	267
16	46	27
16	46	96
16	46	206
16	46	11
16	46	107
16	46	258
16	46	266
16	47	223
16	47	19
16	47	42
16	47	193
16	47	25
16	47	267
16	47	206
16	47	96
16	47	44
16	47	255
16	47	175
16	47	200
16	47	86
16	47	76
16	47	27
16	47	8
16	48	47
16	48	193
16	48	102
16	48	147
16	48	235
16	48	72
16	48	236
16	48	42
16	48	99
16	48	264
16	48	199
16	48	14
16	48	223
16	48	148
16	48	107
16	48	266
16	49	96
16	49	191
16	49	79
16	49	266
16	49	7
16	49	149
16	49	98
16	49	264
16	49	72
16	49	127
16	49	141
16	49	211
16	49	186
16	49	106
16	49	120
16	49	11
16	50	26
16	50	267
16	50	255
16	50	107
16	50	206
16	50	273
16	50	199
16	50	18
16	50	200
16	50	281
16	50	47
16	50	238
16	50	219
16	50	141
16	50	175
16	50	171
16	51	149
16	51	258
16	51	42
16	51	86
16	51	128
16	51	165
16	51	183
16	51	14
16	51	106
16	51	219
16	51	81
16	51	98
16	51	186
16	51	47
16	51	264
16	51	27
16	52	8
16	52	102
16	52	199
16	52	239
16	52	86
16	52	147
16	52	200
16	52	258
16	52	175
16	52	12
16	52	11
16	52	206
16	52	7
16	52	278
16	52	127
16	52	260
16	53	19
16	53	141
16	53	183
16	53	185
16	53	191
16	53	47
16	53	281
16	53	219
16	53	223
16	53	267
16	53	72
16	53	99
16	53	266
16	53	96
16	53	12
16	53	7
16	54	235
16	54	113
16	54	175
16	54	185
16	54	206
16	54	267
16	54	268
16	54	106
16	54	266
16	54	107
16	54	258
16	54	47
16	54	148
16	54	79
16	54	120
16	54	11
16	55	86
16	55	183
16	55	98
16	55	236
16	55	76
16	55	72
16	55	171
16	55	47
16	55	235
16	55	199
16	55	14
16	55	260
16	55	99
16	55	186
16	55	80
16	55	107
16	56	191
16	56	264
16	56	27
16	56	8
16	56	120
16	56	47
16	56	11
16	56	40
16	56	223
16	56	25
16	56	80
16	56	86
16	56	147
16	56	106
16	56	185
16	56	44
16	57	79
16	57	26
16	57	171
16	57	238
16	57	7
16	57	200
16	57	11
16	57	211
16	57	206
16	57	19
16	57	99
16	57	8
16	57	191
16	57	281
16	57	186
16	57	27
16	58	120
16	58	79
16	58	11
16	58	267
16	58	236
16	58	260
16	58	72
16	58	42
16	58	81
16	58	141
16	58	264
16	58	147
16	58	106
16	58	273
16	58	96
16	58	117
16	59	44
16	59	171
16	59	211
16	59	86
16	59	79
16	59	264
16	59	102
16	59	147
16	59	128
16	59	266
16	59	12
16	59	223
16	59	239
16	59	255
16	59	26
16	59	260
16	60	239
16	60	260
16	60	206
16	60	185
16	60	281
16	60	186
16	60	86
16	60	117
16	60	99
16	60	200
16	60	236
16	60	183
16	60	147
16	60	113
16	60	128
16	60	80
16	61	99
16	61	199
16	61	191
16	61	238
16	61	25
16	61	147
16	61	185
16	61	273
16	61	19
16	61	14
16	61	149
16	61	107
16	61	186
16	61	267
16	61	193
16	61	18
16	62	147
16	62	199
16	62	27
16	62	175
16	62	12
16	62	185
16	62	186
16	62	8
16	62	273
16	62	7
16	62	266
16	62	72
16	62	76
16	62	99
16	62	120
16	62	278
16	63	186
16	63	281
16	63	44
16	63	148
16	63	239
16	63	267
16	63	200
16	63	183
16	63	199
16	63	11
16	63	8
16	63	193
16	63	268
16	63	127
16	63	98
16	63	236
16	64	199
16	64	106
16	64	236
16	64	102
16	64	185
16	64	148
16	64	76
16	64	278
16	64	239
16	64	200
16	64	19
16	64	27
16	64	128
16	64	96
16	64	267
16	64	8
32	1	211
32	1	80
32	1	72
32	1	171
32	1	183
32	1	278
32	1	165
32	1	200
32	1	199
32	1	25
32	1	42
32	1	19
32	1	40
32	1	113
32	1	255
32	1	281
32	1	223
32	1	186
32	1	96
32	1	117
32	1	47
32	1	12
32	1	76
32	1	86
32	1	81
32	1	219
32	1	106
32	1	128
32	1	273
32	1	18
32	1	239
32	1	268
32	2	211
32	2	268
32	2	264
32	2	260
32	2	98
32	2	148
32	2	7
32	2	147
32	2	193
32	2	96
32	2	18
32	2	235
32	2	127
32	2	200
32	2	273
32	2	238
32	2	11
32	2	113
32	2	26
32	2	165
32	2	281
32	2	258
32	2	40
32	2	19
32	2	42
32	2	255
32	2	223
32	2	236
32	2	183
32	2	186
32	2	79
32	2	266
32	3	102
32	3	128
32	3	40
32	3	185
32	3	255
32	3	44
32	3	127
32	3	106
32	3	273
32	3	120
32	3	278
32	3	266
32	3	236
32	3	27
32	3	258
32	3	99
32	3	72
32	3	268
32	3	238
32	3	235
32	3	47
32	3	264
32	3	113
32	3	175
32	3	183
32	3	7
32	3	211
32	3	79
32	3	147
32	3	223
32	3	12
32	3	2
32	4	193
32	4	40
32	4	127
32	4	8
32	4	264
32	4	47
32	4	80
32	4	278
32	4	260
32	4	191
32	4	25
32	4	106
32	4	18
32	4	113
32	4	266
32	4	86
32	4	165
32	4	148
32	4	14
32	4	200
32	4	186
32	4	206
32	4	42
32	4	27
32	4	81
32	4	79
32	4	223
32	4	44
32	4	258
32	4	72
32	4	268
32	4	117
32	5	102
32	5	278
32	5	99
32	5	206
32	5	185
32	5	127
32	5	175
32	5	128
32	5	25
32	5	79
32	5	264
32	5	40
32	5	11
32	5	258
32	5	223
32	5	86
32	5	148
32	5	8
32	5	211
32	5	96
32	5	12
32	5	7
32	5	236
32	5	171
32	5	27
32	5	19
32	5	113
32	5	219
32	5	191
32	5	81
32	5	266
32	5	117
32	6	147
32	6	18
32	6	120
32	6	27
32	6	165
32	6	278
32	6	223
32	6	42
32	6	238
32	6	191
32	6	255
32	6	267
32	6	107
32	6	80
32	6	183
32	6	219
32	6	268
32	6	47
32	6	200
32	6	12
32	6	258
32	6	199
32	6	264
32	6	171
32	6	113
32	6	117
32	6	79
32	6	235
32	6	86
32	6	99
32	6	266
32	6	239
32	7	11
32	7	200
32	7	127
32	7	79
32	7	72
32	7	238
32	7	98
32	7	113
32	7	239
32	7	185
32	7	186
32	7	258
32	7	81
32	7	117
32	7	206
32	7	44
32	7	211
32	7	102
32	7	273
32	7	255
32	7	175
32	7	76
32	7	236
32	7	14
32	7	260
32	7	80
32	7	281
32	7	25
32	7	99
32	7	18
32	7	165
32	7	219
32	8	236
32	8	99
32	8	113
32	8	268
32	8	219
32	8	147
32	8	238
32	8	199
32	8	117
32	8	40
32	8	12
32	8	193
32	8	223
32	8	141
32	8	278
32	8	18
32	8	206
32	8	260
32	8	80
32	8	264
32	8	266
32	8	120
32	8	185
32	8	47
32	8	107
32	8	281
32	8	26
32	8	2
32	8	81
32	8	186
32	8	175
32	8	8
32	9	211
32	9	79
32	9	120
32	9	98
32	9	113
32	9	127
32	9	149
32	9	107
32	9	219
32	9	8
32	9	12
32	9	238
32	9	18
32	9	258
32	9	186
32	9	76
32	9	147
32	9	200
32	9	72
32	9	44
32	9	255
32	9	99
32	9	2
32	9	223
32	9	128
32	9	239
32	9	281
32	9	199
32	9	26
32	9	206
32	9	191
32	9	148
32	10	113
32	10	80
32	10	72
32	10	258
32	10	149
32	10	120
32	10	12
32	10	128
32	10	76
32	10	106
32	10	186
32	10	264
32	10	7
32	10	211
32	10	27
32	10	193
32	10	86
32	10	185
32	10	175
32	10	267
32	10	18
32	10	147
32	10	268
32	10	98
32	10	281
32	10	25
32	10	235
32	10	99
32	10	26
32	10	40
32	10	260
32	10	236
32	11	219
32	11	185
32	11	147
32	11	141
32	11	102
32	11	191
32	11	239
32	11	44
32	11	42
32	11	238
32	11	278
32	11	80
32	11	8
32	11	128
32	11	18
32	11	148
32	11	183
32	11	107
32	11	258
32	11	99
32	11	26
32	11	200
32	11	86
32	11	81
32	11	206
32	11	117
32	11	96
32	11	273
32	11	79
32	11	27
32	11	120
32	11	186
32	12	107
32	12	255
32	12	113
32	12	183
32	12	236
32	12	26
32	12	185
32	12	175
32	12	44
32	12	8
32	12	11
32	12	260
32	12	117
32	12	102
32	12	266
32	12	99
32	12	7
32	12	27
32	12	18
32	12	268
32	12	79
32	12	200
32	12	19
32	12	171
32	12	127
32	12	86
32	12	186
32	12	128
32	12	98
32	12	219
32	12	239
32	12	47
32	13	267
32	13	149
32	13	8
32	13	186
32	13	86
32	13	191
32	13	238
32	13	185
32	13	147
32	13	165
32	13	14
32	13	18
32	13	273
32	13	72
32	13	255
32	13	11
32	13	206
32	13	211
32	13	266
32	13	40
32	13	47
32	13	2
32	13	258
32	13	148
32	13	19
32	13	239
32	13	7
32	13	128
32	13	80
32	13	236
32	13	141
32	13	76
32	14	141
32	14	219
32	14	199
32	14	99
32	14	206
32	14	223
32	14	267
32	14	185
32	14	211
32	14	127
32	14	191
32	14	117
32	14	264
32	14	42
32	14	171
32	14	128
32	14	239
32	14	76
32	14	40
32	14	18
32	14	107
32	14	175
32	14	11
32	14	12
32	14	79
32	14	98
32	14	14
32	14	193
32	14	266
32	14	258
32	14	149
32	14	120
32	15	79
32	15	211
32	15	106
32	15	236
32	15	239
32	15	113
32	15	86
32	15	42
32	15	148
32	15	7
32	15	11
32	15	255
32	15	99
32	15	273
32	15	102
32	15	264
32	15	175
32	15	25
32	15	149
32	15	76
32	15	165
32	15	206
32	15	278
32	15	80
32	15	81
32	15	260
32	15	186
32	15	199
32	15	219
32	15	267
32	15	266
32	15	96
32	16	268
32	16	81
32	16	8
32	16	281
32	16	260
32	16	42
32	16	76
32	16	165
32	16	102
32	16	44
32	16	120
32	16	80
32	16	106
32	16	40
32	16	264
32	16	193
32	16	11
32	16	238
32	16	147
32	16	183
32	16	7
32	16	27
32	16	72
32	16	171
32	16	113
32	16	199
32	16	236
32	16	127
32	16	223
32	16	235
32	16	2
32	16	185
32	17	96
32	17	44
32	17	26
32	17	258
32	17	72
32	17	219
32	17	264
32	17	148
32	17	19
32	17	98
32	17	86
32	17	113
32	17	199
32	17	106
32	17	236
32	17	183
32	17	99
32	17	42
32	17	18
32	17	14
32	17	211
32	17	171
32	17	79
32	17	273
32	17	260
32	17	141
32	17	76
32	17	7
32	17	266
32	17	25
32	17	238
32	17	127
32	18	171
32	18	96
32	18	42
32	18	106
32	18	255
32	18	268
32	18	258
32	18	14
32	18	99
32	18	278
32	18	235
32	18	236
32	18	128
32	18	81
32	18	2
32	18	80
32	18	175
32	18	183
32	18	113
32	18	238
32	18	273
32	18	149
32	18	18
32	18	141
32	18	117
32	18	44
32	18	206
32	18	12
32	18	120
32	18	199
32	18	98
32	18	267
32	19	2
32	19	80
32	19	235
32	19	165
32	19	185
32	19	98
32	19	223
32	19	255
32	19	171
32	19	186
32	19	99
32	19	72
32	19	26
32	19	175
32	19	281
32	19	191
32	19	219
32	19	141
32	19	120
32	19	76
32	19	12
32	19	40
32	19	79
32	19	44
32	19	128
32	19	258
32	19	278
32	19	193
32	19	7
32	19	149
32	19	273
32	19	211
32	20	200
32	20	96
32	20	113
32	20	102
32	20	175
32	20	25
32	20	18
32	20	193
32	20	141
32	20	98
32	20	79
32	20	264
32	20	11
32	20	19
32	20	219
32	20	26
32	20	107
32	20	117
32	20	211
32	20	147
32	20	86
32	20	183
32	20	47
32	20	80
32	20	42
32	20	258
32	20	278
32	20	72
32	20	223
32	20	40
32	20	7
32	20	12
32	21	175
32	21	98
32	21	281
32	21	193
32	21	258
32	21	185
32	21	106
32	21	236
32	21	102
32	21	235
32	21	128
32	21	171
32	21	127
32	21	76
32	21	107
32	21	8
32	21	255
32	21	117
32	21	147
32	21	200
32	21	2
32	21	211
32	21	11
32	21	79
32	21	40
32	21	96
32	21	80
32	21	183
32	21	266
32	21	191
32	21	12
32	21	199
32	22	19
32	22	255
32	22	86
32	22	76
32	22	171
32	22	25
32	22	113
32	22	219
32	22	14
32	22	96
32	22	186
32	22	149
32	22	148
32	22	120
32	22	42
32	22	106
32	22	7
32	22	266
32	22	40
32	22	98
32	22	102
32	22	147
32	22	117
32	22	239
32	22	81
32	22	264
32	22	258
32	22	200
32	22	128
32	22	44
32	22	193
32	22	185
32	23	107
32	23	96
32	23	165
32	23	113
32	23	183
32	23	40
32	23	264
32	23	98
32	23	171
32	23	200
32	23	128
32	23	223
32	23	141
32	23	268
32	23	193
32	23	80
32	23	11
32	23	102
32	23	235
32	23	281
32	23	25
32	23	175
32	23	42
32	23	185
32	23	106
32	23	260
32	23	27
32	23	81
32	23	273
32	23	19
32	23	267
32	23	148
32	24	281
32	24	186
32	24	185
32	24	40
32	24	141
32	24	14
32	24	99
32	24	98
32	24	120
32	24	278
32	24	266
32	24	175
32	24	27
32	24	81
32	24	117
32	24	26
32	24	147
32	24	183
32	24	44
32	24	25
32	24	200
32	24	219
32	24	149
32	24	238
32	24	106
32	24	47
32	24	8
32	24	165
32	24	171
32	24	86
32	24	128
32	24	72
32	25	191
32	25	258
32	25	102
32	25	141
32	25	206
32	25	117
32	25	186
32	25	86
32	25	106
32	25	19
32	25	267
32	25	11
32	25	44
32	25	80
32	25	185
32	25	128
32	25	72
32	25	12
32	25	278
32	25	113
32	25	236
32	25	199
32	25	42
32	25	200
32	25	98
32	25	79
32	25	219
32	25	25
32	25	223
32	25	14
32	25	235
32	25	264
32	26	99
32	26	185
32	26	106
32	26	12
32	26	183
32	26	147
32	26	186
32	26	44
32	26	193
32	26	266
32	26	127
32	26	26
32	26	219
32	26	72
32	26	175
32	26	120
32	26	40
32	26	19
32	26	81
32	26	47
32	26	102
32	26	149
32	26	267
32	26	18
32	26	2
32	26	191
32	26	80
32	26	255
32	26	211
32	26	8
32	26	235
32	26	117
32	27	148
32	27	199
32	27	86
32	27	19
32	27	223
32	27	18
32	27	239
32	27	268
32	27	281
32	27	149
32	27	14
32	27	183
32	27	258
32	27	117
32	27	72
32	27	80
32	27	26
32	27	25
32	27	76
32	27	79
32	27	186
32	27	98
32	27	81
32	27	211
32	27	96
32	27	99
32	27	260
32	27	236
32	27	7
32	27	106
32	27	107
32	27	278
32	28	12
32	28	148
32	28	40
32	28	11
32	28	117
32	28	76
32	28	239
32	28	72
32	28	141
32	28	127
32	28	264
32	28	186
32	28	14
32	28	19
32	28	278
32	28	7
32	28	25
32	28	219
32	28	185
32	28	236
32	28	266
32	28	18
32	28	260
32	28	27
32	28	44
32	28	165
32	28	47
32	28	200
32	28	42
32	28	267
32	28	99
32	28	120
32	29	117
32	29	239
32	29	19
32	29	219
32	29	18
32	29	266
32	29	186
32	29	268
32	29	264
32	29	26
32	29	98
32	29	128
32	29	281
32	29	76
32	29	7
32	29	183
32	29	199
32	29	47
32	29	191
32	29	79
32	29	106
32	29	11
32	29	86
32	29	236
32	29	44
32	29	40
32	29	147
32	29	102
32	29	200
32	29	148
32	29	238
32	29	260
32	30	186
32	30	127
32	30	268
32	30	102
32	30	81
32	30	219
32	30	19
32	30	141
32	30	86
32	30	236
32	30	40
32	30	235
32	30	260
32	30	99
32	30	106
32	30	223
32	30	191
32	30	117
32	30	239
32	30	258
32	30	147
32	30	264
32	30	98
32	30	171
32	30	200
32	30	281
32	30	79
32	30	27
32	30	120
32	30	18
32	30	14
32	30	26
32	31	102
32	31	281
32	31	148
32	31	266
32	31	199
32	31	2
32	31	235
32	31	81
32	31	44
32	31	147
32	31	258
32	31	223
32	31	79
32	31	26
32	31	42
32	31	86
32	31	107
32	31	183
32	31	113
32	31	260
32	31	80
32	31	200
32	31	47
32	31	238
32	31	255
32	31	8
32	31	267
32	31	239
32	31	76
32	31	120
32	31	149
32	31	98
32	32	149
32	32	268
32	32	260
32	32	264
32	32	26
32	32	44
32	32	113
32	32	186
32	32	238
32	32	267
32	32	102
32	32	236
32	32	40
32	32	11
32	32	171
32	32	8
32	32	199
32	32	141
32	32	191
32	32	239
32	32	81
32	32	200
32	32	96
32	32	80
32	32	235
32	32	120
32	32	27
32	32	86
32	32	128
32	32	211
32	32	14
32	32	79
32	33	107
32	33	141
32	33	25
32	33	79
32	33	199
32	33	42
32	33	8
32	33	193
32	33	7
32	33	268
32	33	96
32	33	127
32	33	211
32	33	206
32	33	236
32	33	98
32	33	12
32	33	239
32	33	185
32	33	120
32	33	76
32	33	273
32	33	183
32	33	27
32	33	113
32	33	149
32	33	267
32	33	86
32	33	175
32	33	223
32	33	26
32	33	186
32	34	193
32	34	238
32	34	8
32	34	99
32	34	260
32	34	86
32	34	200
32	34	255
32	34	268
32	34	113
32	34	42
32	34	107
32	34	148
32	34	239
32	34	185
32	34	117
32	34	11
32	34	273
32	34	79
32	34	206
32	34	47
32	34	26
32	34	183
32	34	19
32	34	266
32	34	127
32	34	44
32	34	149
32	34	76
32	34	25
32	34	165
32	34	27
32	35	107
32	35	175
32	35	165
32	35	106
32	35	113
32	35	19
32	35	199
32	35	40
32	35	120
32	35	264
32	35	141
32	35	148
32	35	86
32	35	102
32	35	76
32	35	236
32	35	117
32	35	223
32	35	18
32	35	27
32	35	268
32	35	14
32	35	267
32	35	191
32	35	238
32	35	235
32	35	98
32	35	128
32	35	258
32	35	206
32	35	42
32	35	2
32	36	42
32	36	281
32	36	185
32	36	223
32	36	183
32	36	128
32	36	26
32	36	206
32	36	25
32	36	117
32	36	2
32	36	141
32	36	44
32	36	27
32	36	120
32	36	200
32	36	47
32	36	219
32	36	7
32	36	267
32	36	72
32	36	191
32	36	255
32	36	171
32	36	235
32	36	86
32	36	96
32	36	165
32	36	14
32	36	193
32	36	186
32	36	199
32	37	127
32	37	99
32	37	171
32	37	238
32	37	44
32	37	281
32	37	18
32	37	113
32	37	175
32	37	268
32	37	79
32	37	239
32	37	86
32	37	278
32	37	117
32	37	148
32	37	193
32	37	106
32	37	255
32	37	47
32	37	40
32	37	236
32	37	12
32	37	98
32	37	223
32	37	11
32	37	211
32	37	120
32	37	147
32	37	235
32	37	199
32	37	42
32	38	211
32	38	235
32	38	127
32	38	106
32	38	120
32	38	264
32	38	80
32	38	219
32	38	236
32	38	185
32	38	2
32	38	11
32	38	175
32	38	42
32	38	171
32	38	149
32	38	278
32	38	19
32	38	206
32	38	260
32	38	281
32	38	148
32	38	183
32	38	193
32	38	40
32	38	7
32	38	98
32	38	27
32	38	79
32	38	12
32	38	141
32	38	268
32	39	72
32	39	2
32	39	128
32	39	11
32	39	42
32	39	273
32	39	79
32	39	44
32	39	199
32	39	185
32	39	113
32	39	96
32	39	25
32	39	200
32	39	238
32	39	260
32	39	258
32	39	80
32	39	235
32	39	223
32	39	141
32	39	117
32	39	107
32	39	186
32	39	211
32	39	175
32	39	76
32	39	12
32	39	8
32	39	14
32	39	281
32	39	206
32	40	98
32	40	183
32	40	238
32	40	7
32	40	199
32	40	281
32	40	266
32	40	148
32	40	106
32	40	19
32	40	80
32	40	193
32	40	14
32	40	44
32	40	268
32	40	18
32	40	120
32	40	175
32	40	113
32	40	235
32	40	206
32	40	273
32	40	86
32	40	76
32	40	11
32	40	79
32	40	236
32	40	267
32	40	149
32	40	8
32	40	200
32	40	211
32	41	40
32	41	148
32	41	191
32	41	206
32	41	106
32	41	147
32	41	26
32	41	260
32	41	8
32	41	11
32	41	81
32	41	219
32	41	264
32	41	7
32	41	12
32	41	200
32	41	18
32	41	255
32	41	42
32	41	171
32	41	267
32	41	199
32	41	79
32	41	44
32	41	14
32	41	96
32	41	80
32	41	238
32	41	183
32	41	127
32	41	175
32	41	266
32	42	79
32	42	193
32	42	175
32	42	117
32	42	281
32	42	80
32	42	120
32	42	260
32	42	183
32	42	81
32	42	72
32	42	273
32	42	149
32	42	147
32	42	96
32	42	14
32	42	223
32	42	86
32	42	99
32	42	171
32	42	18
32	42	165
32	42	102
32	42	113
32	42	2
32	42	26
32	42	148
32	42	27
32	42	44
32	42	12
32	42	98
32	42	255
32	43	96
32	43	255
32	43	106
32	43	273
32	43	191
32	43	185
32	43	141
32	43	127
32	43	239
32	43	113
32	43	200
32	43	165
32	43	171
32	43	14
32	43	18
32	43	223
32	43	79
32	43	40
32	43	268
32	43	175
32	43	264
32	43	193
32	43	183
32	43	80
32	43	267
32	43	117
32	43	107
32	43	149
32	43	199
32	43	128
32	43	236
32	43	98
32	44	183
32	44	47
32	44	200
32	44	127
32	44	278
32	44	11
32	44	141
32	44	211
32	44	72
32	44	80
32	44	113
32	44	14
32	44	191
32	44	264
32	44	120
32	44	99
32	44	238
32	44	18
32	44	102
32	44	165
32	44	2
32	44	107
32	44	25
32	44	260
32	44	223
32	44	255
32	44	128
32	44	236
32	44	239
32	44	186
32	44	193
32	44	106
32	45	42
32	45	27
32	45	40
32	45	171
32	45	2
32	45	278
32	45	236
32	45	14
32	45	193
32	45	255
32	45	47
32	45	98
32	45	235
32	45	199
32	45	80
32	45	11
32	45	79
32	45	258
32	45	19
32	45	96
32	45	7
32	45	120
32	45	86
32	45	175
32	45	191
32	45	141
32	45	18
32	45	81
32	45	149
32	45	200
32	45	267
32	45	148
32	46	258
32	46	236
32	46	199
32	46	96
32	46	47
32	46	147
32	46	99
32	46	211
32	46	19
32	46	7
32	46	165
32	46	281
32	46	76
32	46	268
32	46	42
32	46	86
32	46	267
32	46	186
32	46	120
32	46	117
32	46	200
32	46	12
32	46	175
32	46	191
32	46	260
32	46	107
32	46	266
32	46	81
32	46	14
32	46	44
32	46	264
32	46	106
32	47	128
32	47	258
32	47	11
32	47	19
32	47	107
32	47	238
32	47	72
32	47	171
32	47	183
32	47	149
32	47	120
32	47	79
32	47	127
32	47	12
32	47	268
32	47	281
32	47	44
32	47	113
32	47	260
32	47	86
32	47	42
32	47	102
32	47	26
32	47	76
32	47	165
32	47	175
32	47	98
32	47	223
32	47	267
32	47	211
32	47	186
32	47	80
32	48	200
32	48	2
32	48	80
32	48	183
32	48	44
32	48	18
32	48	25
32	48	219
32	48	81
32	48	171
32	48	42
32	48	106
32	48	239
32	48	149
32	48	264
32	48	113
32	48	278
32	48	76
32	48	127
32	48	72
32	48	79
32	48	86
32	48	267
32	48	107
32	48	19
32	48	186
32	48	268
32	48	238
32	48	223
32	48	235
32	48	12
32	48	281
32	49	281
32	49	127
32	49	147
32	49	107
32	49	117
32	49	102
32	49	219
32	49	25
32	49	191
32	49	185
32	49	171
32	49	165
32	49	183
32	49	7
32	49	42
32	49	258
32	49	268
32	49	86
32	49	199
32	49	40
32	49	113
32	49	236
32	49	175
32	49	255
32	49	200
32	49	18
32	49	267
32	49	106
32	49	266
32	49	98
32	49	47
32	49	81
32	50	273
32	50	127
32	50	211
32	50	19
32	50	141
32	50	266
32	50	2
32	50	147
32	50	128
32	50	149
32	50	106
32	50	223
32	50	219
32	50	12
32	50	120
32	50	72
32	50	268
32	50	81
32	50	267
32	50	113
32	50	281
32	50	200
32	50	7
32	50	98
32	50	44
32	50	171
32	50	11
32	50	191
32	50	264
32	50	199
32	50	8
32	50	206
32	51	113
32	51	266
32	51	165
32	51	25
32	51	223
32	51	238
32	51	19
32	51	42
32	51	175
32	51	171
32	51	86
32	51	148
32	51	268
32	51	18
32	51	264
32	51	191
32	51	12
32	51	273
32	51	219
32	51	47
32	51	260
32	51	149
32	51	186
32	51	211
32	51	2
32	51	44
32	51	107
32	51	98
32	51	147
32	51	200
32	51	11
32	51	120
32	52	199
32	52	26
32	52	11
32	52	25
32	52	258
32	52	98
32	52	79
32	52	264
32	52	128
32	52	149
32	52	267
32	52	19
32	52	148
32	52	223
32	52	120
32	52	165
32	52	8
32	52	44
32	52	81
32	52	113
32	52	260
32	52	235
32	52	239
32	52	185
32	52	127
32	52	281
32	52	268
32	52	42
32	52	193
32	52	273
32	52	278
32	52	106
32	53	281
32	53	171
32	53	113
32	53	266
32	53	11
32	53	219
32	53	273
32	53	8
32	53	98
32	53	148
32	53	127
32	53	107
32	53	183
32	53	42
32	53	27
32	53	19
32	53	268
32	53	18
32	53	12
32	53	238
32	53	260
32	53	165
32	53	200
32	53	149
32	53	206
32	53	26
32	53	147
32	53	175
32	53	185
32	53	79
32	53	72
32	53	278
32	54	219
32	54	18
32	54	175
32	54	72
32	54	27
32	54	200
32	54	117
32	54	98
32	54	2
32	54	113
32	54	86
32	54	42
32	54	106
32	54	211
32	54	76
32	54	239
32	54	44
32	54	25
32	54	14
32	54	99
32	54	12
32	54	102
32	54	199
32	54	258
32	54	81
32	54	120
32	54	11
32	54	236
32	54	165
32	54	96
32	54	235
32	54	238
32	55	185
32	55	264
32	55	223
32	55	25
32	55	44
32	55	281
32	55	278
32	55	99
32	55	175
32	55	72
32	55	148
32	55	81
32	55	267
32	55	27
32	55	186
32	55	11
32	55	149
32	55	191
32	55	18
32	55	40
32	55	258
32	55	107
32	55	79
32	55	80
32	55	98
32	55	238
32	55	19
32	55	141
32	55	266
32	55	200
32	55	8
32	55	236
32	56	14
32	56	117
32	56	273
32	56	200
32	56	12
32	56	76
32	56	260
32	56	96
32	56	44
32	56	26
32	56	27
32	56	199
32	56	120
32	56	239
32	56	268
32	56	266
32	56	102
32	56	18
32	56	99
32	56	80
32	56	236
32	56	113
32	56	40
32	56	191
32	56	128
32	56	267
32	56	98
32	56	2
32	56	147
32	56	79
32	56	171
32	56	148
32	57	236
32	57	200
32	57	266
32	57	25
32	57	8
32	57	273
32	57	117
32	57	239
32	57	27
32	57	258
32	57	183
32	57	40
32	57	81
32	57	11
32	57	102
32	57	185
32	57	206
32	57	278
32	57	186
32	57	14
32	57	106
32	57	264
32	57	26
32	57	235
32	57	127
32	57	96
32	57	268
32	57	260
32	57	193
32	57	113
32	57	18
32	57	86
32	58	27
32	58	47
32	58	18
32	58	99
32	58	102
32	58	25
32	58	193
32	58	80
32	58	11
32	58	96
32	58	98
32	58	79
32	58	120
32	58	171
32	58	81
32	58	236
32	58	128
32	58	76
32	58	268
32	58	278
32	58	258
32	58	19
32	58	147
32	58	148
32	58	260
32	58	44
32	58	238
32	58	255
32	58	72
32	58	200
32	58	185
32	58	266
32	59	266
32	59	96
32	59	7
32	59	264
32	59	120
32	59	149
32	59	268
32	59	18
32	59	113
32	59	2
32	59	211
32	59	260
32	59	128
32	59	175
32	59	44
32	59	27
32	59	278
32	59	106
32	59	117
32	59	171
32	59	219
32	59	72
32	59	236
32	59	239
32	59	273
32	59	80
32	59	258
32	59	186
32	59	206
32	59	26
32	59	200
32	59	255
32	60	98
32	60	219
32	60	86
32	60	141
32	60	191
32	60	117
32	60	106
32	60	81
32	60	72
32	60	80
32	60	193
32	60	186
32	60	211
32	60	200
32	60	147
32	60	96
32	60	25
32	60	40
32	60	102
32	60	11
32	60	278
32	60	238
32	60	99
32	60	206
32	60	199
32	60	223
32	60	255
32	60	47
32	60	235
32	60	120
32	60	260
32	60	2
32	61	99
32	61	76
32	61	80
32	61	148
32	61	191
32	61	267
32	61	236
32	61	183
32	61	117
32	61	258
32	61	255
32	61	278
32	61	18
32	61	98
32	61	200
32	61	86
32	61	27
32	61	102
32	61	120
32	61	223
32	61	206
32	61	171
32	61	47
32	61	186
32	61	128
32	61	185
32	61	14
32	61	72
32	61	149
32	61	11
32	61	211
32	61	219
32	62	175
32	62	185
32	62	25
32	62	18
32	62	235
32	62	171
32	62	193
32	62	44
32	62	96
32	62	147
32	62	200
32	62	260
32	62	47
32	62	106
32	62	26
32	62	239
32	62	191
32	62	14
32	62	266
32	62	27
32	62	141
32	62	165
32	62	186
32	62	219
32	62	7
32	62	223
32	62	99
32	62	113
32	62	281
32	62	199
32	62	12
32	62	40
32	63	7
32	63	19
32	63	99
32	63	175
32	63	266
32	63	183
32	63	128
32	63	11
32	63	281
32	63	191
32	63	171
32	63	239
32	63	72
32	63	223
32	63	44
32	63	219
32	63	107
32	63	81
32	63	40
32	63	211
32	63	113
32	63	147
32	63	258
32	63	200
32	63	12
32	63	8
32	63	185
32	63	27
32	63	14
32	63	148
32	63	25
32	63	268
32	64	165
32	64	19
32	64	255
32	64	14
32	64	171
32	64	79
32	64	12
32	64	236
32	64	148
32	64	120
32	64	8
32	64	260
32	64	47
32	64	191
32	64	273
32	64	127
32	64	268
32	64	98
32	64	72
32	64	7
32	64	44
32	64	175
32	64	258
32	64	141
32	64	102
32	64	219
32	64	238
32	64	26
32	64	211
32	64	106
32	64	128
32	64	113
64	1	148
64	1	26
64	1	211
64	1	80
64	1	98
64	1	185
64	1	113
64	1	266
64	1	193
64	1	281
64	1	264
64	1	267
64	1	72
64	1	79
64	1	183
64	1	236
64	1	107
64	1	206
64	1	86
64	1	273
64	1	99
64	1	255
64	1	223
64	1	25
64	1	127
64	1	47
64	1	191
64	1	81
64	1	238
64	1	2
64	1	102
64	1	128
64	1	219
64	1	96
64	1	165
64	1	106
64	1	27
64	1	7
64	1	268
64	1	76
64	1	18
64	1	149
64	1	171
64	1	258
64	1	186
64	1	239
64	1	40
64	1	8
64	1	278
64	1	42
64	1	235
64	1	141
64	1	260
64	1	120
64	1	117
64	1	19
64	1	44
64	1	14
64	1	11
64	1	12
64	1	147
64	1	199
64	1	200
64	1	175
